name,datetime,temp,feelslike,dew,humidity,precip,precipprob,preciptype,snow,snowdepth,windgust,windspeed,winddir,sealevelpressure,cloudcover,visibility,solarradiation,solarenergy,uvindex,severerisk,conditions,icon,stations
chicago,2023-04-21T00:00:00,54.1,54.1,44,68.64,0,17,rain,0,0,19.5,16.1,260,1012,88,10.1,0,,0,10,Partially cloudy,partly-cloudy-night,
chicago,2023-04-21T01:00:00,51,51,42,71.19,0.22,13,rain,0,0,17.2,13.9,260,1014,91,10.1,0,,0,10,Overcast,cloudy,
chicago,2023-04-21T02:00:00,49.9,45.5,40.9,71.08,0,9,rain,0,0,12.8,11.4,260,1015,84,10.1,0,,0,10,Partially cloudy,partly-cloudy-night,
chicago,2023-04-21T03:00:00,49,45.1,40,70.98,0,5,,0,0,10.3,9.2,250,1015,80,10.1,0,,0,10,Partially cloudy,partly-cloudy-night,
chicago,2023-04-21T04:00:00,47.9,44.2,40,73.91,0,3,,0,0,8.1,8.1,240,1014,77,10.1,0,,0,10,Partially cloudy,partly-cloudy-night,
chicago,2023-04-21T05:00:00,47,43.6,40,76.45,0,2,,0,0,6.9,6.9,240,1015,77,10.1,0,,0,10,Partially cloudy,partly-cloudy-night,
chicago,2023-04-21T06:00:00,47,44.2,40,76.45,0,1,,0,0,5.8,5.8,220,1015,71,10.1,0,,0,10,Partially cloudy,partly-cloudy-night,
chicago,2023-04-21T07:00:00,47,44.2,40,76.45,0.031,8,rain,0,0,5.8,5.8,220,1015,73,10.1,60,0.2,1,10,Partially cloudy,partly-cloudy-day,
chicago,2023-04-21T08:00:00,47.9,44.7,40,73.91,0,8,,0,0,9.2,6.9,220,1015,70,10.1,200,0.7,2,10,Partially cloudy,partly-cloudy-day,
chicago,2023-04-21T09:00:00,49,45.5,38.9,68.06,0,8,,0,0,12.8,8.1,210,1014,66,10.1,331,1.2,3,10,Partially cloudy,partly-cloudy-day,
chicago,2023-04-21T10:00:00,51,51,38.9,63.23,0,4,,0,0,16.1,9.2,210,1014,62,10.1,514,1.9,5,10,Partially cloudy,partly-cloudy-day,
chicago,2023-04-21T11:00:00,54.1,54.1,36.9,52.28,0,4,,0,0,16.1,9.2,210,1015,61,10.1,659,2.4,7,10,Partially cloudy,partly-cloudy-day,
chicago,2023-04-21T12:00:00,58,58,35,41.88,0,4,,0,0,16.1,10.3,210,1014,60,10.1,715,2.6,7,10,Partially cloudy,partly-cloudy-day,
chicago,2023-04-21T13:00:00,60,60,34.1,37.65,0,8,,0,0,18.3,11.4,210,1013,59,10.1,763,2.7,8,10,Partially cloudy,partly-cloudy-day,
chicago,2023-04-21T14:00:00,62,62,33,33.61,0,8,,0,0,23,13.9,210,1012,55,10.1,842,3,8,10,Partially cloudy,partly-cloudy-day,
chicago,2023-04-21T15:00:00,63.9,63.9,33,31.35,0,8,,0,0,26.4,15,210,1012,51,10.1,753,2.7,8,10,Partially cloudy,partly-cloudy-day,
chicago,2023-04-21T16:00:00,63.9,63.9,33,31.35,0,8,,0,0,27.5,15,210,1011,47,10.1,591,2.1,6,10,Partially cloudy,partly-cloudy-day,
chicago,2023-04-21T17:00:00,62,62,34.1,35.1,0,8,,0,0,26.4,13.9,220,1010,57,10.1,353,1.3,4,10,Partially cloudy,partly-cloudy-day,
chicago,2023-04-21T18:00:00,58.9,58.9,35,40.56,0,8,,0,0,23,12.8,220,1009,66,10.1,256,0.9,3,10,Partially cloudy,partly-cloudy-day,
chicago,2023-04-21T19:00:00,54.9,54.9,36.9,50.59,0,28,,0,0,18.3,10.3,220,1010,76,10.1,152,0.5,2,10,Partially cloudy,partly-cloudy-day,
chicago,2023-04-21T20:00:00,54.1,54.1,36.9,52.28,0,28,,0,0,17.2,10.3,240,1011,76,10.1,3,0,0,10,Partially cloudy,partly-cloudy-night,
chicago,2023-04-21T21:00:00,53,53,36.9,54.39,0,28,,0,0,15,9.2,270,1011,76,10.1,1,0,0,10,Partially cloudy,partly-cloudy-night,
chicago,2023-04-21T22:00:00,51,51,38,61.04,0,28,,0,0,13.9,9.2,290,1011,76,10.1,1,0,0,10,Partially cloudy,partly-cloudy-night,
chicago,2023-04-21T23:00:00,49.9,46.2,36.9,60.9,0,28,,0,0,12.8,9.2,290,1011,71,10.1,1,0,0,10,Partially cloudy,partly-cloudy-night,
chicago,2023-04-22T00:00:00,49,45.5,36,60.78,0,28,,0,0,11.4,8.1,280,1011,65,10.1,1,0,0,10,Partially cloudy,partly-cloudy-night,
chicago,2023-04-22T01:00:00,47.9,44.2,35,60.63,0,13,,0,0,10.3,8.1,280,1011,60,10.1,1,0,0,10,Partially cloudy,partly-cloudy-night,
chicago,2023-04-22T02:00:00,47,43.2,34.7,62.11,0,13,,0,0,9.9,7.7,276.7,1011,59.7,10.1,0.7,0,0,10,Partially cloudy,partly-cloudy-night,
chicago,2023-04-22T03:00:00,46,42.2,34.4,63.64,0,13,,0,0,9.5,7.3,273.3,1011,59.3,10.1,0.3,0,0,10,Partially cloudy,partly-cloudy-night,
chicago,2023-04-22T04:00:00,45,41.3,34.1,65.21,0.012,13,rain,0,0,9.2,6.9,270,1010,59,10.1,0,,0,10,Partially cloudy,partly-cloudy-night,
chicago,2023-04-22T05:00:00,44,39.8,33.7,66.83,0,18,,0,0,10.4,7.3,270,1009,56.3,10.1,29.3,0.1,0,10,Partially cloudy,partly-cloudy-night,
chicago,2023-04-22T06:00:00,43,38.4,33.3,68.49,0,18,,0,0,11.6,7.7,270,1010,53.7,10.1,58.7,0.2,1,10,Partially cloudy,partly-cloudy-day,
chicago,2023-04-22T07:00:00,42,37,33,70.21,0,18,,0,0,12.8,8.1,270,1010,51,10.1,88,0.3,1,10,Partially cloudy,partly-cloudy-day,
chicago,2023-04-22T08:00:00,43.3,37.9,32,64.06,0,18,rain,0,0,15,9.6,273.3,1010,54.7,10.1,204.7,0.7,2,10,Partially cloudy,partly-cloudy-day,
chicago,2023-04-22T09:00:00,44.6,38.9,30.9,58.45,0,18,snow,0,0,17.2,11.2,276.7,1010,58.3,10.1,321.3,1.2,3,10,Partially cloudy,partly-cloudy-day,
chicago,2023-04-22T10:00:00,45.9,40.1,29.9,53.34,0,18,snow,0,0.04,19.5,12.8,280,1010,62,10.1,438,1.6,4,10,Partially cloudy,partly-cloudy-day,
chicago,2023-04-22T11:00:00,46.6,40.7,29.3,50.65,0,26,,0,0,21,13.5,280,1010,64,10.1,486.3,1.8,5,10,Partially cloudy,partly-cloudy-day,
chicago,2023-04-22T12:00:00,47.3,41.3,28.6,48.09,0,26,rain,0,0,22.6,14.2,280,1010,66,10.1,534.7,1.9,5,10,Partially cloudy,partly-cloudy-day,
chicago,2023-04-22T13:00:00,47.9,42,27.9,45.66,0,26,,0,0,24.2,15,280,1010,68,10.1,583,2.1,6,10,Partially cloudy,partly-cloudy-day,
chicago,2023-04-22T14:00:00,47.9,42,27.9,45.66,0,26,snow,0,0,23.8,15,276.7,1010,69,10.1,491,1.8,5,10,Partially cloudy,partly-cloudy-day,
chicago,2023-04-22T15:00:00,47.9,42,27.9,45.66,0,26,snow,0,0,23.4,15,273.3,1011,70,10.1,399,1.4,4,10,Partially cloudy,partly-cloudy-day,
chicago,2023-04-22T16:00:00,47.9,42,27.9,45.66,0,26,snow,0,0,23,15,270,1011,71,10.1,307,1.1,3,10,Partially cloudy,partly-cloudy-day,
chicago,2023-04-22T17:00:00,47.3,41.5,27.9,46.81,0,10,snow,0,0,21.5,13.8,273.3,1012,70.3,10.1,253.7,0.9,3,10,Partially cloudy,partly-cloudy-day,
chicago,2023-04-22T18:00:00,46.6,41,27.9,47.98,0,10,snow,0,0,19.9,12.6,276.7,1012,69.7,10.1,200.3,0.7,2,10,Partially cloudy,partly-cloudy-day,
chicago,2023-04-22T19:00:00,45.9,40.5,27.9,49.2,0,10,rain,0,0,18.3,11.4,280,1013,69,10.1,147,0.5,1,10,Partially cloudy,partly-cloudy-day,
chicago,2023-04-22T20:00:00,44.3,37.9,28,52.45,0,20,,0,0,19.3,13.1,283.3,1014,67,10.1,99.3,0.3,0,10,Partially cloudy,partly-cloudy-night,
chicago,2023-04-22T21:00:00,43.4,36.9,28.1,54.41,0,20,,0,0,18.9,12.8,286.7,1014,62,10.1,51.7,0.2,0,10,Partially cloudy,partly-cloudy-night,
chicago,2023-04-22T22:00:00,42.5,35.8,28.1,56.46,0,20,,0,0,18.6,12.5,290,1015,57,10.1,4,0,0,10,Partially cloudy,partly-cloudy-night,
chicago,2023-04-22T23:00:00,41.7,34.9,28.2,58.61,0,20,,0,0,18.3,12.2,290,1015,52,10.1,3.3,0,0,10,Partially cloudy,partly-cloudy-night,
chicago,2023-04-23T00:00:00,40.8,33.9,28.4,60.84,0,20,,0,0,18.1,11.9,290,1015,47,10.1,2.7,0,0,10,Partially cloudy,partly-cloudy-night,
chicago,2023-04-23T01:00:00,40,33,28.5,63.16,0,20,,0,0,17.9,11.6,290,1015,42,10.1,2,0,0,10,Partially cloudy,partly-cloudy-night,
chicago,2023-04-23T02:00:00,39.3,32.2,28.2,64.32,0,10,,0,0,17.3,11.3,290,1015,47,10.1,1.3,0,0,10,Partially cloudy,partly-cloudy-night,
chicago,2023-04-23T03:00:00,38.6,31.4,28,65.51,0,10,,0,0,16.7,11,290,1016,52,10.1,0.7,0,0,10,Partially cloudy,partly-cloudy-night,
chicago,2023-04-23T04:00:00,37.8,30.7,27.8,66.72,0,10,,0,0,16.1,10.7,290,1016,57,10.1,0,,0,10,Partially cloudy,partly-cloudy-night,
chicago,2023-04-23T05:00:00,37.4,30.1,27.8,68,0,10,,0,0,16.1,10.7,290,1016,62,10.1,2,0,0,10,Partially cloudy,partly-cloudy-night,
chicago,2023-04-23T06:00:00,37,29.6,27.9,69.3,0,10,,0,0,16.1,10.7,290,1017,67,10.1,4,0,0,10,Partially cloudy,partly-cloudy-day,
chicago,2023-04-23T07:00:00,36.6,29.1,27.9,70.63,0,10,,0,0,16.1,10.7,290,1018,72,10.1,6,0,0,10,Partially cloudy,partly-cloudy-day,
chicago,2023-04-23T08:00:00,38,30.8,27.3,65.11,0,6,,0,0,16.1,10.7,290,1019,72,10.1,111,0.5,1,10,Partially cloudy,partly-cloudy-day,
chicago,2023-04-23T09:00:00,39.4,32.5,26.6,60.03,0,6,,0,0,16.1,10.7,290,1019,72,10.1,216,0.9,2,10,Partially cloudy,partly-cloudy-day,
chicago,2023-04-23T10:00:00,40.7,34.2,26,55.37,0,6,,0,0,16.1,10.7,290,1019,72,10.1,321,1.2,3,10,Partially cloudy,partly-cloudy-day,
chicago,2023-04-23T11:00:00,42.3,36.1,25.4,50.85,0,6,snow,0,0,16.9,11,290,1019,71,10.1,339.7,1.3,3,10,Partially cloudy,partly-cloudy-day,
chicago,2023-04-23T12:00:00,43.9,37.9,24.8,46.72,0,6,snow,0,0,17.6,11.3,290,1019,70,10.1,358.3,1.3,4,10,Partially cloudy,partly-cloudy-day,
chicago,2023-04-23T13:00:00,45.4,39.8,24.2,42.94,0,6,,0,0,18.3,11.6,290,1020,69,10.1,377,1.4,4,10,Partially cloudy,partly-cloudy-day,
chicago,2023-04-23T14:00:00,46,40.5,24.3,42.18,0,8,,0,0,18.3,11.6,290,1019,68,15,460.7,1.7,5,10,Partially cloudy,partly-cloudy-day,
chicago,2023-04-23T15:00:00,46.6,41.3,24.4,41.45,0,8,,0,0,18.2,11.6,290,1019,67,15,544.3,2,5,10,Partially cloudy,partly-cloudy-day,
chicago,2023-04-23T16:00:00,47.2,42,24.5,40.72,0,8,,0,0,18.1,11.6,290,1019,66,15,628,2.3,6,10,Partially cloudy,partly-cloudy-day,
chicago,2023-04-23T17:00:00,46.7,41.6,24.7,41.78,0,8,,0,0,17.1,11,290,1019,64,15,569.7,2.1,6,10,Partially cloudy,partly-cloudy-day,
chicago,2023-04-23T18:00:00,46.2,41.2,24.9,42.86,0,8,,0,0,16,10.4,290,1019,62,15,511.3,1.8,5,10,Partially cloudy,partly-cloudy-day,
chicago,2023-04-23T19:00:00,45.8,40.9,25.1,43.98,0,8,,0,0,15,9.8,290,1020,60,15,453,1.6,5,10,Partially cloudy,partly-cloudy-day,
chicago,2023-04-23T20:00:00,44.9,39.9,25.4,46.07,0,6,,0,0,14.5,9.5,290,1020,53.3,15,303.7,1.1,0,10,Partially cloudy,partly-cloudy-night,
chicago,2023-04-23T21:00:00,44,38.9,25.7,48.28,0,6,,0,0,14.1,9.2,290,1021,46.7,15,154.3,0.5,0,10,Partially cloudy,partly-cloudy-night,
chicago,2023-04-23T22:00:00,43.1,37.9,26,50.59,0,6,,0,0,13.6,8.9,290,1021,40,15,5,0,0,10,Partially cloudy,partly-cloudy-night,
chicago,2023-04-23T23:00:00,42.3,37.1,26.2,52.65,0,6,,0,0,13.3,8.6,290,1021,36.7,15,4,0,0,10,Partially cloudy,partly-cloudy-night,
chicago,2023-04-24T00:00:00,41.5,36.3,26.4,54.8,0,6,,0,0,12.9,8.2,290,1021,33.3,15,3,0,0,10,Partially cloudy,partly-cloudy-night,
chicago,2023-04-24T01:00:00,40.7,35.6,26.7,57.04,0,6,,0,0,12.5,7.8,290,1022,30,15,2,0,0,10,Partially cloudy,partly-cloudy-night,
chicago,2023-04-24T02:00:00,39.8,34.5,26.6,58.92,0,0,,0,0,12.3,7.8,286.7,1022,23,15,1.3,0,0,10,Partially cloudy,partly-cloudy-night,
chicago,2023-04-24T03:00:00,38.9,33.4,26.6,60.87,0,0,,0,0,12.1,7.8,283.3,1022,16,15,0.7,0,0,10,Clear,clear-night,
chicago,2023-04-24T04:00:00,38,32.3,26.5,62.9,0,0,,0,0,11.9,7.8,280,1023,9,15,0,,0,10,Clear,clear-night,
chicago,2023-04-24T05:00:00,37.6,31.7,26.8,64.73,0,0,,0,0,11.8,7.8,276.7,1023,9.7,15,3,0,0,10,Clear,clear-night,
chicago,2023-04-24T06:00:00,37.1,31.1,27,66.62,0,0,,0,0,11.7,7.8,273.3,1023,10.3,15,6,0,0,10,Clear,clear-day,
chicago,2023-04-24T07:00:00,36.6,30.5,27.2,68.57,0,0,,0,0,11.6,7.8,270,1024,11,15,9,0,0,10,Clear,clear-day,
chicago,2023-04-24T08:00:00,39.5,33.8,26.9,60.5,0,0,,0,0,12.6,8.4,276.7,1024,12.7,15,150.7,0.5,2,10,Clear,clear-day,
chicago,2023-04-24T09:00:00,42.3,37,26.6,53.45,0,0,,0,0,13.6,8.9,283.3,1024,14.3,15,292.3,1.1,3,10,Clear,clear-day,
chicago,2023-04-24T10:00:00,45.2,40.4,26.3,47.29,0,0,,0,0,14.5,9.4,290,1024,16,15,434,1.6,4,10,Clear,clear-day,
chicago,2023-04-24T11:00:00,46.7,42,26.3,44.68,0,0,,0,0,15.2,10.1,300,1024,26,15,506.7,1.8,5,10,Partially cloudy,partly-cloudy-day,
chicago,2023-04-24T12:00:00,48.2,43.6,26.3,42.23,0,0,,0,0,15.9,10.7,310,1023,36,15,579.3,2.1,6,10,Partially cloudy,partly-cloudy-day,
chicago,2023-04-24T13:00:00,49.7,45.3,26.3,39.93,0,0,,0,0,16.6,11.4,320,1023,46,15,652,2.3,7,10,Partially cloudy,partly-cloudy-day,
chicago,2023-04-24T14:00:00,49.8,45.3,26.6,40.34,0,2,,0,0,16.6,11.4,223.3,1023,46.7,15,708,2.5,7,10,Partially cloudy,partly-cloudy-day,
chicago,2023-04-24T15:00:00,49.8,45.4,26.9,40.75,0,2,,0,0,16.7,11.4,126.7,1022,47.3,15,764,2.8,8,10,Partially cloudy,partly-cloudy-day,
chicago,2023-04-24T16:00:00,49.9,45.5,27.2,41.17,0,2,,0,0,16.8,11.4,30,1022,48,15,820,3,8,10,Partially cloudy,partly-cloudy-day,
chicago,2023-04-24T17:00:00,49.1,44.7,27.8,43.43,0,2,,0,0,15.7,10.7,46.7,1022,45.7,15,741.3,2.7,7,10,Partially cloudy,partly-cloudy-day,
chicago,2023-04-24T18:00:00,48.2,43.9,28.3,45.82,0,2,,0,0,14.7,9.9,63.3,1022,43.3,15,662.7,2.4,7,10,Partially cloudy,partly-cloudy-day,
chicago,2023-04-24T19:00:00,47.4,43.1,28.8,48.35,0,2,,0,0,13.6,9.2,80,1023,41,15,584,2.1,6,10,Partially cloudy,partly-cloudy-day,
chicago,2023-04-24T20:00:00,46.2,41.9,29.3,51.34,0,8,,0,0,13,8.8,83.3,1024,41,15,391,1.4,0,10,Partially cloudy,partly-cloudy-night,
chicago,2023-04-24T21:00:00,45.1,40.6,29.7,54.53,0,8,,0,0,12.5,8.4,86.7,1024,41,15,198,0.7,0,10,Partially cloudy,partly-cloudy-night,
chicago,2023-04-24T22:00:00,44,39.4,30.1,57.93,0,8,,0,0,11.9,8.1,90,1024,41,15,5,0,0,10,Partially cloudy,partly-cloudy-night,
chicago,2023-04-24T23:00:00,43.5,39,30.5,59.87,0,8,,0,0,11.4,7.7,96.7,1024,41.7,15,4.3,0,0,10,Partially cloudy,partly-cloudy-night,
washington,2023-04-21T00:00:00,67,67,54.1,63.11,0,0,,0,0,3.4,2.2,160,1017,12,10.1,0,,0,10,Clear,clear-night,
washington,2023-04-21T01:00:00,65.9,65.9,54.1,65.52,0,0,,0,0,3.4,1.1,150,1017,10,10.1,0,,0,10,Clear,clear-night,
washington,2023-04-21T02:00:00,63.9,63.9,54.1,70.2,0,0,,0,0,2.2,1.1,140,1017,12,10.1,0,,0,10,Clear,clear-night,
washington,2023-04-21T03:00:00,63.1,63.1,54.1,72.45,0,0,,0,0,2.2,1.1,140,1017,10,10.1,0,,0,10,Clear,clear-night,
washington,2023-04-21T04:00:00,62,62,54.1,75.25,0,0,,0,0,1.1,0,130,1017,10,10.1,0,,0,10,Clear,clear-night,
washington,2023-04-21T05:00:00,62,62,54.1,75.25,0,0,,0,0,1.1,0,120,1016,10,10.1,0,,0,10,Clear,clear-night,
washington,2023-04-21T06:00:00,62,62,54.1,75.25,0,0,,0,0,1.1,0,100,1016,14,10.1,0,,0,10,Clear,clear-night,
washington,2023-04-21T07:00:00,60,60,53,77.6,0,0,,0,0,1.1,0,70,1017,18,10.1,35,0.1,0,10,Clear,clear-day,
washington,2023-04-21T08:00:00,63.1,63.1,54.1,72.45,0,0,,0,0,1.1,0,50,1017,21,10.1,167,0.6,2,10,Partially cloudy,partly-cloudy-day,
washington,2023-04-21T09:00:00,65.9,65.9,54.1,65.52,0,0,,0,0,2.2,2.2,60,1016,21,10.1,408,1.5,4,10,Partially cloudy,partly-cloudy-day,
washington,2023-04-21T10:00:00,72.1,72.1,54.1,53.13,0,0,,0,0,3.4,3.4,90,1016,18,10.1,575,2.1,6,10,Clear,clear-day,
washington,2023-04-21T11:00:00,76,76,53,44.72,0,0,,0,0,6.9,5.8,100,1016,15,10.1,729,2.6,7,10,Clear,clear-day,
washington,2023-04-21T12:00:00,81.1,80.3,51,35.22,0,0,,0,0,5.8,5.8,120,1016,14,10.1,821,3,8,10,Clear,clear-day,
washington,2023-04-21T13:00:00,83.9,81.9,49,29.8,0,0,,0,0,6.9,5.8,160,1015,15,10.1,865,3.1,9,10,Clear,clear-day,
washington,2023-04-21T14:00:00,87,84.2,47.9,25.95,0,8,,0,0,9.2,5.8,180,1013,17,10.1,857,3.1,9,10,Clear,clear-day,
washington,2023-04-21T15:00:00,89,85.6,45.9,22.63,0,8,,0,0,12.8,6.9,180,1013,20,10.1,824,3,8,10,Clear,clear-day,
washington,2023-04-21T16:00:00,89,85.6,45.9,22.63,0,8,,0,0,16.1,8.1,170,1012,23,10.1,703,2.5,7,10,Partially cloudy,partly-cloudy-day,
washington,2023-04-21T17:00:00,89,85.6,45.9,22.63,0,8,,0,0,18.3,9.2,170,1012,26,10.1,466,1.7,5,10,Partially cloudy,partly-cloudy-day,
washington,2023-04-21T18:00:00,87,84,45.9,24.09,0.012,8,rain,0,0,18.3,8.1,170,1011,30,10.1,372,1.3,4,10,Partially cloudy,partly-cloudy-day,
washington,2023-04-21T19:00:00,85,82.5,47,26.73,0,8,,0,0,17.2,6.9,170,1011,36,10.1,211,0.8,2,10,Partially cloudy,partly-cloudy-day,
washington,2023-04-21T20:00:00,81.9,80.5,47.9,30.52,0,6,,0,0,16.1,5.8,170,1011,38,10.1,118,0.4,0,10,Partially cloudy,partly-cloudy-night,
washington,2023-04-21T21:00:00,79.1,79.1,47.9,33.52,0,6,,0,0,17.2,6.9,170,1011,38,10.1,0,,0,10,Partially cloudy,partly-cloudy-night,
washington,2023-04-21T22:00:00,76.9,76.9,47.9,36,0,6,,0,0,18.3,9.2,180,1011,36,10.1,0,,0,10,Partially cloudy,partly-cloudy-night,
washington,2023-04-21T23:00:00,74,74,49,41.26,0,6,,0,0,20.8,10.3,180,1011,35,10.1,0,,0,10,Partially cloudy,partly-cloudy-night,
washington,2023-04-22T00:00:00,72.9,72.9,49.9,44.25,0,6,,0,0,20.8,10.3,180,1011,34,10.1,0,,0,10,Partially cloudy,partly-cloudy-night,
washington,2023-04-22T01:00:00,72.1,72.1,49.9,45.61,0,6,,0,0,20.8,10.3,180,1011,35,10.1,0,,0,10,Partially cloudy,partly-cloudy-night,
washington,2023-04-22T02:00:00,71,71,51,49.24,0,4,,0,0,20.8,10.3,180,1010,35,10.1,0,,0,10,Partially cloudy,partly-cloudy-night,
washington,2023-04-22T03:00:00,69.3,69.3,51.3,52.85,0,4,,0,0,20.4,10.7,180,1010,39.7,10.1,0,,0,10,Partially cloudy,partly-cloudy-night,
washington,2023-04-22T04:00:00,67.6,67.6,51.7,56.73,0,4,,0,0,19.9,11,180,1010,44.3,10.1,0,,0,10,Partially cloudy,partly-cloudy-night,
washington,2023-04-22T05:00:00,65.9,65.9,52.1,60.93,0,4,,0,0,19.5,11.4,180,1010,49,10.1,0,,0,10,Partially cloudy,partly-cloudy-night,
washington,2023-04-22T06:00:00,65.6,65.6,52.7,63.08,0,8,,0,0,20.3,11.9,180,1010,54,10.1,49.3,0.2,0,10,Partially cloudy,partly-cloudy-night,
washington,2023-04-22T07:00:00,65.3,65.3,53.4,65.3,0,8,,0,0,21.1,12.3,180,1010,59,10.1,98.7,0.4,1,10,Partially cloudy,partly-cloudy-day,
washington,2023-04-22T08:00:00,65,65,54.1,67.6,0,8,,0,0,21.9,12.8,180,1011,64,10.1,148,0.5,1,10,Partially cloudy,partly-cloudy-day,
washington,2023-04-22T09:00:00,67.7,67.7,54.3,62.37,0,8,,0,0,24.2,14.6,180,1010,64,10.1,197.7,0.7,2,10,Partially cloudy,partly-cloudy-day,
washington,2023-04-22T10:00:00,70.3,70.3,54.6,57.61,0,8,,0,0,26.5,16.5,180,1010,64,10.1,247.3,0.9,2,10,Partially cloudy,partly-cloudy-day,
washington,2023-04-22T11:00:00,72.9,72.9,54.9,53.26,0.012,8,rain,0,0,28.9,18.3,180,1009,64,10.1,297,1.1,3,10,Partially cloudy,partly-cloudy-day,
washington,2023-04-22T12:00:00,74.3,74.3,54,49.19,0,69,rain,0,0,30.3,19.2,176.7,1009,70.7,10.1,397.7,1.5,4,10,"Rain, Partially cloudy",rain,
washington,2023-04-22T13:00:00,75.6,75.6,53,45.45,0,69,rain,0,0,31.8,20,173.3,1008,77.3,10.1,498.3,1.8,5,10,"Rain, Partially cloudy",rain,
washington,2023-04-22T14:00:00,76.9,76.9,52.1,41.99,0.012,69,rain,0,0,33.3,20.8,170,1007,84,10.1,599,2.2,6,10,"Rain, Partially cloudy",rain,
washington,2023-04-22T15:00:00,75.3,75.3,52.7,45.4,0,69,rain,0,0,32.6,20,170,1006,84,9.4,435.3,1.6,4,10,"Rain, Partially cloudy",rain,
washington,2023-04-22T16:00:00,73.7,73.7,53.4,49.1,0,69,rain,0,0,31.8,19.2,170,1006,84,8.7,271.7,1,3,10,"Rain, Partially cloudy",rain,
washington,2023-04-22T17:00:00,72.1,72.1,54.1,53.13,0.051,69,rain,0,0,31.1,18.3,170,1005,84,8,108,0.4,1,10,"Rain, Partially cloudy",rain,
washington,2023-04-22T18:00:00,69,69,54.3,59.48,0,65,rain,0,0,28.4,16.9,200,1004,85.3,8.3,88.3,0.3,1,10,"Rain, Partially cloudy",rain,
washington,2023-04-22T19:00:00,66.1,66.1,54.6,66.69,0,65,rain,0,0,25.7,15.4,230,1007,86.7,8.6,68.7,0.3,1,10,"Rain, Partially cloudy",rain,
washington,2023-04-22T20:00:00,63.1,63.1,54.9,74.86,0.909,65,rain,0,0,23,13.9,260,1007,88,8.8,49,0.2,0,10,"Rain, Partially cloudy",rain,
washington,2023-04-22T21:00:00,59.2,59.2,51.8,76.34,0,97,rain,0,0,15.4,10.1,293.3,1011,74.3,9.3,32.7,0.1,0,10,"Rain, Partially cloudy",rain,
washington,2023-04-22T22:00:00,58.1,58.1,51.1,77.6,0,97,rain,0,0,14.8,9.5,286.7,1011,60.7,9.7,16.3,0.1,0,10,"Rain, Partially cloudy",rain,
washington,2023-04-22T23:00:00,56.9,56.9,50.4,78.9,0.051,97,rain,0,0,14.1,8.9,280,1011,47,10.1,0,,0,10,"Rain, Partially cloudy",rain,
washington,2023-04-23T00:00:00,55.6,55.6,49.4,79.5,0,97,rain,0,0,13.3,8.6,283.3,1011,40.3,10.1,0,,0,10,"Rain, Partially cloudy",rain,
washington,2023-04-23T01:00:00,54.3,54.3,48.3,80.11,0,97,rain,0,0,12.5,8.4,286.7,1011,33.7,10.1,0,,0,10,"Rain, Partially cloudy",rain,
washington,2023-04-23T02:00:00,53,53,47.2,80.73,0,97,rain,0,0,11.6,8.1,290,1011,27,10.1,0,,0,10,"Rain, Partially cloudy",rain,
washington,2023-04-23T03:00:00,52.3,52.3,46.5,80.68,0,61,rain,0,0,10.4,7.2,293.3,1011,24.7,10.1,0,,0,10,"Rain, Partially cloudy",rain,
washington,2023-04-23T04:00:00,51.5,51.5,45.8,80.62,0,61,rain,0,0,9.2,6.3,296.7,1012,22.3,10.1,0,,0,10,"Rain, Partially cloudy",rain,
washington,2023-04-23T05:00:00,50.8,50.8,45,80.57,0.02,61,rain,0,0,8.1,5.4,300,1013,20,10.1,0,,0,10,Rain,rain,
washington,2023-04-23T06:00:00,51.4,51.4,44.6,77.55,0,61,rain,0,0,9.5,6.6,300,1013,18.3,10.1,9.7,0,0,10,Rain,rain,
washington,2023-04-23T07:00:00,51.9,51.9,44.1,74.64,0,61,rain,0,0,11,7.8,300,1014,16.7,10.1,19.3,0.1,0,10,Rain,rain,
washington,2023-04-23T08:00:00,52.4,52.4,43.6,71.84,0,61,rain,0,0,12.5,8.9,300,1014,15,10.1,29,0.1,0,10,Rain,rain,
washington,2023-04-23T09:00:00,54.3,54.3,42.3,63.8,0,18,,0,0,15.2,10.7,300,1015,18.3,10.1,63.7,0.2,1,10,Clear,clear-day,
washington,2023-04-23T10:00:00,56.1,56.1,41,56.67,0,18,,0,0,17.9,12.5,300,1015,21.7,10.1,98.3,0.4,1,10,Partially cloudy,partly-cloudy-day,
washington,2023-04-23T11:00:00,58,58,39.6,50.35,0.012,18,rain,0,0,20.6,14.3,300,1016,25,10.1,133,0.5,1,10,Partially cloudy,partly-cloudy-day,
washington,2023-04-23T12:00:00,58.8,58.8,38.8,47.28,0,18,,0,0,21.6,14.9,296.7,1015,32.7,10.1,182.7,0.7,2,10,Partially cloudy,partly-cloudy-day,
washington,2023-04-23T13:00:00,59.7,59.7,38,44.4,0,18,,0,0,22.7,15.5,293.3,1015,40.3,10.1,232.3,0.8,2,10,Partially cloudy,partly-cloudy-day,
washington,2023-04-23T14:00:00,60.5,60.5,37.1,41.7,0,18,,0,0,23.7,16.1,290,1014,48,10.1,282,1,3,10,Partially cloudy,partly-cloudy-day,
washington,2023-04-23T15:00:00,60.9,60.9,36.3,39.83,0,14,,0,0,23.6,16.1,293.3,1014,48,15,377,1.3,4,10,Partially cloudy,partly-cloudy-day,
washington,2023-04-23T16:00:00,61.3,61.3,35.4,38.03,0,14,,0,0,23.6,16.1,296.7,1014,48,15,472,1.7,5,10,Partially cloudy,partly-cloudy-day,
washington,2023-04-23T17:00:00,61.6,61.6,34.6,36.32,0,14,,0,0,23.5,16.1,300,1014,48,15,567,2,6,10,Partially cloudy,partly-cloudy-day,
washington,2023-04-23T18:00:00,60.4,60.4,34.5,37.81,0,14,,0,0,22.4,15.2,303.3,1015,44,15,500.7,1.8,5,10,Partially cloudy,partly-cloudy-day,
washington,2023-04-23T19:00:00,59.2,59.2,34.5,39.36,0,14,,0,0,21.4,14.3,306.7,1016,40,15,434.3,1.5,4,10,Partially cloudy,partly-cloudy-day,
washington,2023-04-23T20:00:00,58,58,34.4,40.99,0,14,,0,0,20.4,13.4,310,1016,36,15,368,1.3,0,10,Partially cloudy,partly-cloudy-night,
washington,2023-04-23T21:00:00,56.1,56.1,34.2,43.52,0,14,,0,0,21.1,14,310,1017,30.7,15,245.3,0.9,0,10,Partially cloudy,partly-cloudy-night,
washington,2023-04-23T22:00:00,54.3,54.3,34.1,46.23,0,14,,0,0,21.8,14.6,310,1017,25.3,15,122.7,0.4,0,10,Partially cloudy,partly-cloudy-night,
washington,2023-04-23T23:00:00,52.4,52.4,33.9,49.14,0,14,,0,0,22.6,15.2,310,1017,20,15,0,,0,10,Clear,clear-night,
washington,2023-04-24T00:00:00,51.2,51.2,33.9,51.47,0,14,,0,0,21,14.2,310,1017,20,15,0,,0,10,Clear,clear-night,
washington,2023-04-24T01:00:00,49.9,45,33.9,53.94,0,14,,0,0,19.5,13.3,310,1017,20,15,0,,0,10,Clear,clear-night,
washington,2023-04-24T02:00:00,48.6,43.6,33.9,56.53,0,14,,0,0,17.9,12.3,310,1017,20,15,0,,0,10,Clear,clear-night,
washington,2023-04-24T03:00:00,47.5,42.4,34.1,59.42,0,7,,0,0,17.4,11.7,306.7,1017,15,15,0,,0,10,Clear,clear-night,
washington,2023-04-24T04:00:00,46.4,41.1,34.2,62.48,0,7,,0,0,16.9,11.1,303.3,1018,10,15,0,,0,10,Clear,clear-night,
washington,2023-04-24T05:00:00,45.2,39.9,34.4,65.7,0,7,,0,0,16.3,10.5,300,1019,5,15,0,,0,10,Clear,clear-night,
washington,2023-04-24T06:00:00,45.9,40.7,34.4,63.94,0,7,,0,0,16.6,10.8,300,1019,6,15,10.7,0,0,10,Clear,clear-night,
washington,2023-04-24T07:00:00,46.7,41.5,34.4,62.22,0,7,,0,0,16.8,11.1,300,1019,7,15,21.3,0.1,0,10,Clear,clear-day,
washington,2023-04-24T08:00:00,47.4,42.3,34.4,60.56,0,7,,0,0,17,11.4,300,1019,8,15,32,0.1,0,10,Clear,clear-day,
washington,2023-04-24T09:00:00,49.7,45,33.6,53.78,0,2,,0,0,18.3,12.2,300,1019,12,15,214.3,0.8,2,10,Clear,clear-day,
washington,2023-04-24T10:00:00,52.1,52.1,32.9,47.8,0,2,,0,0,19.5,13,300,1020,16,15,396.7,1.4,4,10,Clear,clear-day,
washington,2023-04-24T11:00:00,54.4,54.4,32.1,42.52,0,2,,0,0,20.8,13.9,300,1020,20,15,579,2.1,6,10,Clear,clear-day,
washington,2023-04-24T12:00:00,55.7,55.7,31.1,38.99,0,2,,0,0,20.9,13.9,300,1019,23.7,15,624.7,2.3,6,10,Partially cloudy,partly-cloudy-day,
washington,2023-04-24T13:00:00,57.1,57.1,30.2,35.75,0,2,,0,0,21,14,300,1019,27.3,15,670.3,2.4,7,10,Partially cloudy,partly-cloudy-day,
washington,2023-04-24T14:00:00,58.4,58.4,29.2,32.79,0,2,,0,0,21,14.1,300,1018,31,15,716,2.6,7,10,Partially cloudy,partly-cloudy-day,
washington,2023-04-24T15:00:00,58.7,58.7,28.6,31.57,0,2,,0,0,22,14.7,300,1018,31.7,15,707.3,2.6,7,10,Partially cloudy,partly-cloudy-day,
washington,2023-04-24T16:00:00,59,59,27.9,30.4,0,2,,0,0,23,15.3,300,1018,32.3,15,698.7,2.5,7,10,Partially cloudy,partly-cloudy-day,
washington,2023-04-24T17:00:00,59.3,59.3,27.2,29.27,0,2,,0,0,23.9,15.9,300,1018,33,15,690,2.5,7,10,Partially cloudy,partly-cloudy-day,
washington,2023-04-24T18:00:00,57.9,57.9,27.5,31.07,0,2,,0,0,22.6,15.1,306.7,1019,28.7,15,612.7,2.2,6,10,Partially cloudy,partly-cloudy-day,
washington,2023-04-24T19:00:00,56.6,56.6,27.8,32.99,0,2,,0,0,21.3,14.4,313.3,1019,24.3,15,535.3,1.9,5,10,Partially cloudy,partly-cloudy-day,
washington,2023-04-24T20:00:00,55.3,55.3,28.1,35.03,0,2,,0,0,19.9,13.6,320,1020,20,15,458,1.6,0,10,Clear,clear-night,
washington,2023-04-24T21:00:00,53.7,53.7,28.6,37.81,0,2,,0,0,18.7,12.7,320,1021,16.7,15,305.3,1.1,0,10,Clear,clear-night,
washington,2023-04-24T22:00:00,52.1,52.1,29,40.82,0,2,,0,0,17.5,11.7,320,1021,13.3,15,152.7,0.5,0,10,Clear,clear-night,
washington,2023-04-24T23:00:00,50.4,50.4,29.4,44.09,0,2,,0,0,16.3,10.7,320,1021,10,15,0,,0,10,Clear,clear-night,
newark,2023-04-21T00:00:00,54.1,54.1,43.1,66.32,0,5,,0,0,5.8,4.7,140,1020,12,10.1,0,,0,10,Clear,clear-night,
newark,2023-04-21T01:00:00,53,53,43.1,68.99,0,5,,0,0,5.8,3.4,120,1020,12,10.1,0,,0,10,Clear,clear-night,
newark,2023-04-21T02:00:00,53,53,43.1,68.99,0,2,,0,0,5.8,3.4,90,1020,11,10.1,0,,0,10,Clear,clear-night,
newark,2023-04-21T03:00:00,52.1,52.1,44,73.81,0,2,,0,0,5.8,3.4,70,1020,13,10.1,0,,0,10,Clear,clear-night,
newark,2023-04-21T04:00:00,51,51,44,76.81,0,2,,0,0,5.8,3.4,80,1020,14,10.1,0,,0,10,Clear,clear-night,
newark,2023-04-21T05:00:00,51,51,44,76.81,0,2,,0,0,5.8,3.4,60,1020,16,10.1,0,,0,10,Clear,clear-night,
newark,2023-04-21T06:00:00,51,51,45,80.03,0,2,,0,0,6.9,4.7,70,1020,15,6.9,0,,0,10,Clear,clear-night,
newark,2023-04-21T07:00:00,52.1,52.1,45,76.91,0,2,,0,0,6.9,4.7,70,1020,15,8,48,0.2,0,10,Clear,clear-day,
newark,2023-04-21T08:00:00,54.9,54.9,45.9,71.61,0,0,,0,0,6.9,4.7,80,1019,14,10.1,135,0.5,1,10,Clear,clear-day,
newark,2023-04-21T09:00:00,60,60,45.9,59.74,0,0,,0,0,9.2,5.8,100,1019,14,10.1,343,1.2,3,10,Clear,clear-day,
newark,2023-04-21T10:00:00,63.1,63.1,47,55.84,0,0,,0,0,10.3,5.8,110,1019,13,10.1,475,1.7,5,10,Clear,clear-day,
newark,2023-04-21T11:00:00,67,67,47.9,50.32,0,0,,0,0,10.3,8.1,120,1019,13,10.1,628,2.3,6,10,Clear,clear-day,
newark,2023-04-21T12:00:00,69,69,47.9,47.01,0,0,,0,0,11.4,9.2,130,1018,16,10.1,693,2.5,7,10,Clear,clear-day,
newark,2023-04-21T13:00:00,71,71,47.9,43.94,0,0,,0,0,12.8,10.3,140,1018,19,10.1,733,2.6,7,10,Clear,clear-day,
newark,2023-04-21T14:00:00,71,71,49,45.75,0,2,,0,0,13.9,10.3,140,1017,22,10.1,748,2.7,7,10,Partially cloudy,partly-cloudy-day,
newark,2023-04-21T15:00:00,71,71,49,45.75,0,2,,0,0,13.9,11.4,140,1016,23,10.1,702,2.5,7,10,Partially cloudy,partly-cloudy-day,
newark,2023-04-21T16:00:00,70.1,70.1,49.9,48.78,0,2,,0,0,15,11.4,130,1016,24,10.1,490,1.8,5,10,Partially cloudy,partly-cloudy-day,
newark,2023-04-21T17:00:00,69,69,49.9,50.62,0,2,rain,0,0,15,11.4,130,1016,25,10.1,295,1.1,3,10,Partially cloudy,partly-cloudy-day,
newark,2023-04-21T18:00:00,65.9,65.9,49.9,56.25,0,2,,0,0,15,10.3,130,1016,31,10.1,203,0.7,2,10,Partially cloudy,partly-cloudy-day,
newark,2023-04-21T19:00:00,63.1,63.1,49.9,62.2,0,2,rain,0,0,13.9,10.3,120,1016,36,10.1,141,0.5,1,10,Partially cloudy,partly-cloudy-day,
newark,2023-04-21T20:00:00,60,60,49.9,69.3,0,8,,0,0,13.9,9.2,110,1017,42,10.1,108,0.4,0,10,Partially cloudy,partly-cloudy-night,
newark,2023-04-21T21:00:00,58.9,58.9,49.9,72.03,0,8,rain,0,0,13.9,9.2,110,1017,46,8,0,,0,10,Partially cloudy,partly-cloudy-night,
newark,2023-04-21T22:00:00,58,58,51,77.43,0,8,rain,0,0,12.8,9.2,100,1016,49,3.9,0,,0,10,Partially cloudy,partly-cloudy-night,
newark,2023-04-21T23:00:00,58,58,51,77.43,0,15,,0,0,12.8,9.2,100,1016,53,1.6,0,,0,10,Partially cloudy,partly-cloudy-night,
newark,2023-04-22T00:00:00,58,58,51,77.43,0,15,rain,0,0,12.8,9.2,100,1016,57,2.5,0,,0,10,Partially cloudy,partly-cloudy-night,
newark,2023-04-22T01:00:00,56.9,56.9,51,80.49,0,15,,0,0,12.8,8.1,90,1015,60,3.3,0,,0,10,Partially cloudy,partly-cloudy-night,
newark,2023-04-22T02:00:00,56.9,56.9,51,80.49,0,15,,0,0,12.8,8.1,90,1015,64,4.2,0,,0,10,Partially cloudy,partly-cloudy-night,
newark,2023-04-22T03:00:00,56.3,56.3,51,82.44,0,15,,0,0,12.8,8.1,86.7,1014,68,3.8,0,,0,10,Partially cloudy,partly-cloudy-night,
newark,2023-04-22T04:00:00,55.6,55.6,51,84.43,0,15,,0,0,12.8,8.1,83.3,1015,72,3.4,0,,0,10,Partially cloudy,partly-cloudy-night,
newark,2023-04-22T05:00:00,54.9,54.9,51,86.48,0,15,,0,0,12.8,8.1,80,1015,76,3,0,,0,10,Partially cloudy,partly-cloudy-night,
newark,2023-04-22T06:00:00,55.6,55.6,51.3,85.56,0,5,rain,0,0,12.3,8.1,83.3,1015,75.3,2.9,15.3,0.1,0,10,Partially cloudy,partly-cloudy-night,
newark,2023-04-22T07:00:00,56.3,56.3,51.7,84.66,0,5,rain,0,0,11.9,8.1,86.7,1015,74.7,2.8,30.7,0.1,0,10,Partially cloudy,partly-cloudy-day,
newark,2023-04-22T08:00:00,56.9,56.9,52.1,83.77,0,5,,0,0,11.4,8.1,90,1014,74,2.6,46,0.2,0,10,Partially cloudy,partly-cloudy-day,
newark,2023-04-22T09:00:00,59.6,59.6,52.1,76.04,0,5,,0,0,12.2,8.8,100,1014,75.7,4.6,236.7,0.9,2,10,Partially cloudy,partly-cloudy-day,
newark,2023-04-22T10:00:00,62.3,62.3,52.1,69.1,0,5,,0,0,13,9.5,110,1014,77.3,6.7,427.3,1.5,4,10,Partially cloudy,partly-cloudy-day,
newark,2023-04-22T11:00:00,65,65,52.1,62.86,0,5,,0,0,13.9,10.3,120,1013,79,8.7,618,2.2,6,10,Partially cloudy,partly-cloudy-day,
newark,2023-04-22T12:00:00,66.4,66.4,52.4,60.71,0,34,,0,0,17.3,12.2,123.3,1013,79.3,9.2,639.3,2.3,6,10,Partially cloudy,partly-cloudy-day,
newark,2023-04-22T13:00:00,67.7,67.7,52.7,58.65,0,34,,0,0,20.7,14.2,126.7,1012,79.7,9.7,660.7,2.4,7,10,Partially cloudy,partly-cloudy-day,
newark,2023-04-22T14:00:00,69,69,53,56.67,0,34,,0,0,24.2,16.1,130,1012,80,10.1,682,2.5,7,10,Partially cloudy,partly-cloudy-day,
newark,2023-04-22T15:00:00,67.7,67.7,53,59.3,0,34,,0,0,26.1,17.2,133.3,1011,82.7,8.8,578.7,2.1,6,10,Partially cloudy,partly-cloudy-day,
newark,2023-04-22T16:00:00,66.4,66.4,53,62.07,0,34,,0,0,28,18.3,136.7,1010,85.3,7.6,475.3,1.7,5,10,Partially cloudy,partly-cloudy-day,
newark,2023-04-22T17:00:00,65,65,53,64.98,0,34,,0,0,30,19.5,140,1010,88,6.3,372,1.3,4,10,Partially cloudy,partly-cloudy-day,
newark,2023-04-22T18:00:00,63.7,63.7,53.3,68.95,0,75,rain,0,0,29.2,19.9,140,1010,90.3,5.5,315,1.1,3,10,"Rain, Overcast",rain,
newark,2023-04-22T19:00:00,62.4,62.4,53.7,73.18,0,75,rain,0,0,28.3,20.4,140,1009,92.7,4.7,258,0.9,3,10,"Rain, Overcast",rain,
newark,2023-04-22T20:00:00,61.1,61.1,54.1,77.69,0.012,75,rain,0,0,27.5,20.8,140,1008,95,4,201,0.7,0,10,"Rain, Overcast",rain,
newark,2023-04-22T21:00:00,62.2,62.2,54.8,76.77,0,86,rain,0,0,27.1,18.2,143.3,1009,95.3,3.7,134,0.5,0,10,"Rain, Overcast",rain,
newark,2023-04-22T22:00:00,62.1,62.1,55.1,77.77,0,86,rain,0,0,24.6,16.7,146.7,1008,95.7,3.4,67,0.2,0,10,"Rain, Overcast",rain,
newark,2023-04-22T23:00:00,62,62,55.3,78.79,0.031,86,rain,0,0,22.1,15.2,150,1009,96,3.2,0,,0,10,"Rain, Overcast",rain,
newark,2023-04-23T00:00:00,61.1,61.1,55.2,80.99,0,86,rain,0,0,21.6,14.6,150,1008,94.7,3,0,,0,10,"Rain, Overcast",rain,
newark,2023-04-23T01:00:00,60.3,60.3,55.2,83.25,0,86,rain,0,0,21.1,14,150,1008,93.3,2.9,0,,0,10,"Rain, Overcast",rain,
newark,2023-04-23T02:00:00,59.4,59.4,55.1,85.59,0.012,86,rain,0,0,20.6,13.4,150,1008,92,2.8,0,,0,10,"Rain, Overcast",rain,
newark,2023-04-23T03:00:00,58.7,58.7,54.4,85.55,0,90,rain,0,0,20,13.1,170,1009,90.3,3.3,0,,0,10,"Rain, Overcast",rain,
newark,2023-04-23T04:00:00,58,58,53.7,85.51,0,90,rain,0,0,19.4,12.8,190,1009,88.7,3.7,0,,0,10,"Rain, Partially cloudy",rain,
newark,2023-04-23T05:00:00,57.3,57.3,53,85.47,0.039,90,rain,0,0,18.8,12.5,210,1009,87,4.2,0,,0,10,"Rain, Partially cloudy",rain,
newark,2023-04-23T06:00:00,57.4,57.4,52.1,82.51,0,90,rain,0,0,18.8,12.5,233.3,1009,75.3,6.2,11.7,0,0,10,"Rain, Partially cloudy",rain,
newark,2023-04-23T07:00:00,57.4,57.4,51.2,79.64,0,90,rain,0,0,18.8,12.5,256.7,1010,63.7,8.2,23.3,0.1,0,10,"Rain, Partially cloudy",rain,
newark,2023-04-23T08:00:00,57.5,57.5,50.3,76.86,0,90,rain,0,0,18.8,12.5,280,1010,52,10.1,35,0.1,0,10,"Rain, Partially cloudy",rain,
newark,2023-04-23T09:00:00,59.1,59.1,48.9,68.89,0,67,rain,0,0,18.5,12.2,280,1010,45.7,10.1,216.3,0.8,2,10,"Rain, Partially cloudy",rain,
newark,2023-04-23T10:00:00,60.7,60.7,47.5,61.76,0,67,rain,0,0,18.2,11.9,280,1011,39.3,10.1,397.7,1.4,4,10,"Rain, Partially cloudy",rain,
newark,2023-04-23T11:00:00,62.3,62.3,46.1,55.36,0.039,67,rain,0,0,17.9,11.6,280,1011,33,10.1,579,2.1,6,10,"Rain, Partially cloudy",rain,
newark,2023-04-23T12:00:00,63.7,63.7,45,50.73,0,67,rain,0,0,18.3,11.9,273.3,1010,36.3,10.1,634,2.3,6,10,"Rain, Partially cloudy",rain,
newark,2023-04-23T13:00:00,65,65,44,46.5,0,67,rain,0,0,18.8,12.2,266.7,1010,39.7,10.1,689,2.5,7,10,"Rain, Partially cloudy",rain,
newark,2023-04-23T14:00:00,66.3,66.3,42.9,42.61,0,67,rain,0,0,19.2,12.5,260,1010,43,10.1,744,2.7,7,10,"Rain, Partially cloudy",rain,
newark,2023-04-23T15:00:00,65.9,65.9,42.3,42.17,0,38,,0,0,19.5,12.8,263.3,1009,47.3,15,724,2.6,7,10,Partially cloudy,partly-cloudy-day,
newark,2023-04-23T16:00:00,65.6,65.6,41.7,41.72,0,38,,0,0,19.7,13.1,266.7,1009,51.7,15,704,2.6,7,10,Partially cloudy,partly-cloudy-day,
newark,2023-04-23T17:00:00,65.2,65.2,41.1,41.28,0.02,38,rain,0,0,19.9,13.4,270,1010,56,15,684,2.5,7,10,Partially cloudy,partly-cloudy-day,
newark,2023-04-23T18:00:00,63.5,63.5,41,43.67,0,38,,0,0,19.8,13.1,276.7,1011,55.3,15,600.3,2.2,6,10,Partially cloudy,partly-cloudy-day,
newark,2023-04-23T19:00:00,61.9,61.9,41,46.22,0,38,,0,0,19.6,12.8,283.3,1012,54.7,15,516.7,1.9,5,10,Partially cloudy,partly-cloudy-day,
newark,2023-04-23T20:00:00,60.2,60.2,40.9,48.95,0,38,,0,0,19.5,12.5,290,1012,54,15,433,1.6,0,10,Partially cloudy,partly-cloudy-night,
newark,2023-04-23T21:00:00,58.6,58.6,41,51.98,0,29,,0,0,19.3,12.5,293.3,1013,53,15,288.7,1,0,10,Partially cloudy,partly-cloudy-night,
newark,2023-04-23T22:00:00,56.9,56.9,41,55.22,0,29,,0,0,19.2,12.5,296.7,1013,52,15,144.3,0.5,0,10,Partially cloudy,partly-cloudy-night,
newark,2023-04-23T23:00:00,55.3,55.3,41.1,58.69,0.012,29,rain,0,0,19,12.5,300,1013,51,15,0,,0,10,Partially cloudy,partly-cloudy-night,
newark,2023-04-24T00:00:00,54.1,54.1,40.4,59.76,0,29,,0,0,18.9,12.5,303.3,1013,47,15,0,,0,10,Partially cloudy,partly-cloudy-night,
newark,2023-04-24T01:00:00,52.8,52.8,39.6,60.85,0,29,,0,0,18.9,12.4,306.7,1013,43,15,0,,0,10,Partially cloudy,partly-cloudy-night,
newark,2023-04-24T02:00:00,51.5,51.5,38.9,61.98,0,29,,0,0,18.8,12.3,310,1013,39,15,0,,0,10,Partially cloudy,partly-cloudy-night,
newark,2023-04-24T03:00:00,50.4,50.4,38.1,62.71,0,19,,0,0,18.6,12,310,1013,40,15,0,,0,10,Partially cloudy,partly-cloudy-night,
newark,2023-04-24T04:00:00,49.3,44.6,37.4,63.45,0,19,,0,0,18.3,11.7,310,1014,41,15,0,,0,10,Partially cloudy,partly-cloudy-night,
newark,2023-04-24T05:00:00,48.1,43.2,36.6,64.21,0.012,19,rain,0,0,18.1,11.4,310,1014,42,15,0,,0,10,Partially cloudy,partly-cloudy-night,
newark,2023-04-24T06:00:00,48.4,43.4,36.1,62.44,0,19,,0,0,18.3,11.7,310,1014,43.7,15,14,0.1,0,10,Partially cloudy,partly-cloudy-night,
newark,2023-04-24T07:00:00,48.6,43.6,35.6,60.72,0,19,,0,0,18.6,12,310,1015,45.3,15,28,0.1,0,10,Partially cloudy,partly-cloudy-day,
newark,2023-04-24T08:00:00,48.8,43.9,35.1,59.04,0,19,,0,0,18.8,12.3,310,1015,47,15,42,0.2,0,10,Partially cloudy,partly-cloudy-day,
newark,2023-04-24T09:00:00,51.2,51.2,34.8,53.36,0,14,,0,0,19.2,12.5,306.7,1015,42,15,228.7,0.9,2,10,Partially cloudy,partly-cloudy-day,
newark,2023-04-24T10:00:00,53.6,53.6,34.5,48.28,0,14,,0,0,19.5,12.8,303.3,1016,37,15,415.3,1.5,4,10,Partially cloudy,partly-cloudy-day,
newark,2023-04-24T11:00:00,56,56,34.2,43.71,0.012,14,rain,0,0,19.9,13,300,1016,32,15,602,2.2,6,10,Partially cloudy,partly-cloudy-day,
newark,2023-04-24T12:00:00,57,57,33.6,41.12,0,14,,0,0,19.7,13,300,1015,38.7,15,637,2.3,6,10,Partially cloudy,partly-cloudy-day,
newark,2023-04-24T13:00:00,57.9,57.9,32.9,38.69,0,14,,0,0,19.5,13.1,300,1015,45.3,15,672,2.4,7,10,Partially cloudy,partly-cloudy-day,
newark,2023-04-24T14:00:00,58.9,58.9,32.3,36.41,0,14,,0,0,19.2,13.2,300,1015,52,15,707,2.5,7,10,Partially cloudy,partly-cloudy-day,
newark,2023-04-24T15:00:00,59,59,32,35.9,0,19,,0,0,20.2,13.5,300,1015,54.7,15,607,2.2,6,10,Partially cloudy,partly-cloudy-day,
newark,2023-04-24T16:00:00,59.2,59.2,31.8,35.4,0,19,,0,0,21.2,13.8,300,1015,57.3,15,507,1.8,5,10,Partially cloudy,partly-cloudy-day,
newark,2023-04-24T17:00:00,59.3,59.3,31.5,34.91,0,19,,0,0,22.1,14.1,300,1015,60,15,407,1.5,4,10,Partially cloudy,partly-cloudy-day,
newark,2023-04-24T18:00:00,57.7,57.7,32.1,37.73,0,19,,0,0,21.4,13.6,303.3,1016,58.3,15,364,1.3,4,10,Partially cloudy,partly-cloudy-day,
newark,2023-04-24T19:00:00,56.1,56.1,32.6,40.79,0,19,,0,0,20.7,13.2,306.7,1016,56.7,15,321,1.2,3,10,Partially cloudy,partly-cloudy-day,
newark,2023-04-24T20:00:00,54.6,54.6,33.2,44.11,0,19,rain,0,0,19.9,12.8,310,1017,55,15,278,1,0,10,Partially cloudy,partly-cloudy-night,
newark,2023-04-24T21:00:00,53.4,53.4,33.6,46.77,0,20,rain,0,0,19.3,12.4,310,1017,52,15,185.3,0.7,0,10,Partially cloudy,partly-cloudy-night,
newark,2023-04-24T22:00:00,52.3,52.3,34,49.59,0,20,,0,0,18.7,12,310,1018,49,15,92.7,0.3,0,10,Partially cloudy,partly-cloudy-night,
newark,2023-04-24T23:00:00,51.2,51.2,34.4,52.6,0,20,,0,0,18.1,11.6,310,1018,46,15,0,,0,10,Partially cloudy,partly-cloudy-night,
denver,2023-04-21T00:00:00,35,29.1,9.9,34.84,0,0,,0,0,6.9,6.9,260,1024,8,10.1,5,0,0,10,Clear,clear-night,
denver,2023-04-21T01:00:00,34.1,28,9,34.69,0,0,,0,0,6.9,6.9,250,1025,9,10.1,0,,0,10,Clear,clear-night,
denver,2023-04-21T02:00:00,33,27.6,9,36.22,0,0,,0,0,5.8,5.8,230,1025,9,10.1,0,,0,10,Clear,clear-night,
denver,2023-04-21T03:00:00,31,25.2,9,39.23,0,0,,0,0,5.8,5.8,220,1026,10,10.1,0,,0,10,Clear,clear-night,
denver,2023-04-21T04:00:00,29.9,23.9,9,40.98,0,0,,0,0,5.8,5.8,230,1026,28,10.1,0,,0,10,Partially cloudy,partly-cloudy-night,
denver,2023-04-21T05:00:00,29,22,8,40.5,0,0,,0,0,6.9,6.9,230,1026,46,10.1,0,,0,10,Partially cloudy,partly-cloudy-night,
denver,2023-04-21T06:00:00,27.9,19.9,8,42.33,0,1,,0,0,12.8,8.1,230,1025,30,10.1,0,,0,10,Partially cloudy,partly-cloudy-night,
denver,2023-04-21T07:00:00,29,21.2,8,40.5,0,1,,0,0,12.8,8.1,230,1025,43,10.1,54,0.2,1,10,Partially cloudy,partly-cloudy-day,
denver,2023-04-21T08:00:00,33,26,8,34.5,0,1,,0,0,12.8,8.1,230,1024,58,10.1,189,0.7,2,10,Partially cloudy,partly-cloudy-day,
denver,2023-04-21T09:00:00,36.9,30.3,8,29.48,0,1,,0,0,15,9.2,230,1024,71,10.1,290,1,3,10,Partially cloudy,partly-cloudy-day,
denver,2023-04-21T10:00:00,43.1,37.3,7.1,22.31,0,1,,0,0,16.1,10.3,250,1023,74,10.1,429,1.5,4,10,Partially cloudy,partly-cloudy-day,
denver,2023-04-21T11:00:00,45,39.8,7.1,20.69,0,1,,0,0,16.1,10.3,290,1021,73,10.1,531,1.9,5,10,Partially cloudy,partly-cloudy-day,
denver,2023-04-21T12:00:00,49,44.4,6,16.97,0,10,,0,0,18.3,11.4,310,1019,71,10.1,605,2.2,6,10,Partially cloudy,partly-cloudy-day,
denver,2023-04-21T13:00:00,51,51,7.1,16.56,0,10,,0,0,20.8,12.8,320,1018,73,10.1,749,2.7,7,10,Partially cloudy,partly-cloudy-day,
denver,2023-04-21T14:00:00,52.1,52.1,9,17.4,0,10,,0,0,24.2,15,330,1017,78,10.1,721,2.6,7,10,Partially cloudy,partly-cloudy-day,
denver,2023-04-21T15:00:00,53,53,11,18.39,0,10,,0,0,27.5,17.2,330,1015,83,10.1,592,2.1,6,10,Partially cloudy,partly-cloudy-day,
denver,2023-04-21T16:00:00,53,53,11.9,19.13,0,10,,0,0,27.5,17.2,330,1014,86,10.1,490,1.8,5,10,Partially cloudy,partly-cloudy-day,
denver,2023-04-21T17:00:00,53,53,13.9,20.88,0,10,,0,0,30,18.3,330,1014,87,10.1,389,1.4,4,10,Partially cloudy,partly-cloudy-day,
denver,2023-04-21T18:00:00,51,51,16.1,24.68,0,42,,0,0,24.2,15,320,1014,84,10.1,290,1,3,10,Partially cloudy,partly-cloudy-day,
denver,2023-04-21T19:00:00,49.9,44.8,17,26.71,0,42,,0,0,21.9,13.9,330,1015,85,6.9,77,0.3,1,10,Partially cloudy,partly-cloudy-day,
denver,2023-04-21T20:00:00,47,41.1,18.9,32.39,0,42,,0,0,21.9,13.9,350,1016,85,6.9,20,0.1,0,10,Partially cloudy,partly-cloudy-night,
denver,2023-04-21T21:00:00,45,39,20.9,37.98,0,42,snow,0,0,20.8,12.8,20,1017,86,5.9,13,0,0,10,Partially cloudy,partly-cloudy-night,
denver,2023-04-21T22:00:00,42,36,22.9,46.42,0,42,snow,0,0.04,16.1,10.3,20,1018,86,4.4,11,0,0,10,Partially cloudy,partly-cloudy-night,
denver,2023-04-21T23:00:00,38.9,32.7,25.1,57.2,0,42,rain,0.16,0.2,15,9.2,40,1020,87,3,9,0,0,10,Partially cloudy,snow,
denver,2023-04-22T00:00:00,36,29.7,27,69.53,0.031,57,rain,0.16,0.35,12.8,8.1,40,1021,88,1.5,7,0,0,10,"Rain, Partially cloudy",snow,
denver,2023-04-22T01:00:00,34.7,27.9,27,73.45,0,57,snow,0.04,0.39,13.5,8.4,36.7,1022,89,2.4,4.7,0,0,10,"Snow, Partially cloudy",snow,
denver,2023-04-22T02:00:00,33.3,26,27,77.61,0,57,snow,0,0.39,14.2,8.8,33.3,1022,90,3.4,2.3,0,0,10,"Snow, Partially cloudy",rain,
denver,2023-04-22T03:00:00,31.9,24.1,27,82.03,0.012,57,snow,0,0.39,15,9.2,30,1023,91,4.3,0,,0,10,"Snow, Overcast",snow,
denver,2023-04-22T04:00:00,30.9,23.3,26.7,84.02,0,32,snow,0,0.35,13.4,8.4,36.7,1023,90.3,3.1,0,,0,10,Overcast,cloudy,
denver,2023-04-22T05:00:00,30,22.6,26.3,86.06,0,32,snow,0.04,0.04,11.9,7.7,43.3,1022,89.7,1.9,0,,0,10,Partially cloudy,snow,
denver,2023-04-22T06:00:00,29,22,26,88.17,0.059,32,snow,0.51,0.08,10.3,6.9,50,1025,89,0.7,0,,0,10,Partially cloudy,snow,
denver,2023-04-22T07:00:00,30,23.4,25.3,82.5,0,32,snow,0.08,0.12,10.3,6.6,56.7,1026,85,2.2,91.3,0.3,1,10,Partially cloudy,snow,
denver,2023-04-22T08:00:00,30.9,24.8,24.6,77.2,0,32,snow,0.12,0.12,10.3,6.2,63.3,1026,81,3.6,182.7,0.7,2,10,Partially cloudy,snow,
denver,2023-04-22T09:00:00,31.9,26.3,24,72.25,0.012,32,snow,0,0.12,10.3,5.8,70,1025,77,5,274,1,3,10,Partially cloudy,partly-cloudy-day,
denver,2023-04-22T10:00:00,34.9,29.3,23.3,62.32,0,41,snow,0,0.12,10.7,6.6,70,1024,74,6.7,378,1.4,4,10,Partially cloudy,partly-cloudy-day,
denver,2023-04-22T11:00:00,37.9,32.4,22.7,53.85,0,41,snow,0,0.12,11,7.3,70,1022,71,8.4,482,1.7,5,10,Partially cloudy,partly-cloudy-day,
denver,2023-04-22T12:00:00,40.9,35.7,22,46.59,0.02,41,snow,0,0.08,11.4,8.1,70,1020,68,10.1,586,2.1,6,10,Partially cloudy,partly-cloudy-day,
denver,2023-04-22T13:00:00,42.3,37.2,22,44.18,0,41,snow,0,0.08,12.2,8.4,66.7,1018,74.7,9.6,492.7,1.8,5,10,Partially cloudy,partly-cloudy-day,
denver,2023-04-22T14:00:00,43.7,38.7,22,41.9,0,41,snow,0,0.08,13,8.8,63.3,1016,81.3,9.1,399.3,1.4,4,10,Partially cloudy,partly-cloudy-day,
denver,2023-04-22T15:00:00,45,40.2,22,39.76,0,41,snow,0,0.08,13.9,9.2,60,1016,88,8.6,306,1.1,3,10,Partially cloudy,partly-cloudy-day,
denver,2023-04-22T16:00:00,44.7,39.8,22.7,41.44,0,33,snow,0,0.08,13.9,9.2,53.3,1014,89,7,265.7,1,3,10,Partially cloudy,partly-cloudy-day,
denver,2023-04-22T17:00:00,44.3,39.3,23.3,43.19,0,33,rain,0,0.08,13.9,9.2,46.7,1014,90,5.4,225.3,0.8,2,10,Partially cloudy,partly-cloudy-day,
denver,2023-04-22T18:00:00,44,38.9,24,45.02,0.02,33,rain,0,0.08,13.9,9.2,40,1013,91,3.8,185,0.7,2,10,Overcast,cloudy,
denver,2023-04-22T19:00:00,43.2,38.4,25.6,49.5,0,59,snow,0,0.08,12.5,8.4,56.7,1018,92.7,3.1,125.7,0.5,1,10,"Snow, Overcast",rain,
denver,2023-04-22T20:00:00,42.2,37.4,26.9,54.36,0,59,snow,0,0.08,11.5,7.8,53.3,1019,91.3,2.4,66.3,0.2,0,10,"Snow, Overcast",rain,
denver,2023-04-22T21:00:00,41.1,36.4,28.1,59.69,0.012,59,snow,0,0.08,10.5,7.2,50,1019,90,1.7,7,0,0,10,"Snow, Partially cloudy",rain,
denver,2023-04-22T22:00:00,40.3,36.1,28.5,62.58,0,59,rain,0,0.08,8.8,6,63.3,1019,87.3,4.5,6,0,0,10,"Rain, Partially cloudy",rain,
denver,2023-04-22T23:00:00,39.4,36,28.9,65.61,0,59,snow,0,0.04,7.1,4.8,76.7,1019,84.7,7.3,5,0,0,10,"Snow, Partially cloudy",rain,
denver,2023-04-23T00:00:00,38.6,36.1,29.2,68.8,0.004,59,snow,0,0.04,5.4,3.6,90,1018,82,10.1,4,0,0,10,"Snow, Partially cloudy",rain,
denver,2023-04-23T01:00:00,37.6,35,29.2,71.44,0,43,,0,0.04,5.7,3.6,140,1017,76.7,10.1,2.7,0,0,10,Partially cloudy,partly-cloudy-night,
denver,2023-04-23T02:00:00,36.7,33.9,29.2,74.19,0,43,,0,0.04,6,3.6,190,1016,71.3,10.1,1.3,0,0,10,Partially cloudy,partly-cloudy-night,
denver,2023-04-23T03:00:00,35.7,32.8,29.2,77.06,0,43,rain,0,0.04,6.3,3.6,240,1016,66,10.1,0,,0,10,Partially cloudy,partly-cloudy-night,
denver,2023-04-23T04:00:00,35,32,28.8,77.76,0,43,,0,0.04,6,3.6,236.7,1017,63.3,10.1,0,,0,10,Partially cloudy,partly-cloudy-night,
denver,2023-04-23T05:00:00,34.4,31.3,28.4,78.47,0,43,,0,0.04,5.7,3.6,233.3,1017,60.7,10.1,0,,0,10,Partially cloudy,partly-cloudy-night,
denver,2023-04-23T06:00:00,33.7,30.5,27.9,79.19,0.004,43,"rain,snow",0,0,5.4,3.6,230,1016,58,10.1,0,,0,10,Partially cloudy,partly-cloudy-night,
denver,2023-04-23T07:00:00,36.1,32.9,28.2,73.05,0,11,,0,0,6,3.9,213.3,1017,53.3,10.1,49.7,0.2,0,10,Partially cloudy,partly-cloudy-day,
denver,2023-04-23T08:00:00,38.4,35.3,28.5,67.45,0,11,,0,0,6.6,4.2,196.7,1017,48.7,10.1,99.3,0.4,1,10,Partially cloudy,partly-cloudy-day,
denver,2023-04-23T09:00:00,40.7,37.7,28.8,62.33,0,11,,0,0,7.2,4.5,180,1016,44,10.1,149,0.5,1,10,Partially cloudy,partly-cloudy-day,
denver,2023-04-23T10:00:00,44,40.9,28,53.17,0,11,,0,0,8.2,5.4,143.3,1015,44,10.1,233.3,0.9,2,10,Partially cloudy,partly-cloudy-day,
denver,2023-04-23T11:00:00,47.2,44.2,27.2,45.43,0,11,,0,0,9.2,6.3,106.7,1014,44,10.1,317.7,1.1,3,10,Partially cloudy,partly-cloudy-day,
denver,2023-04-23T12:00:00,50.4,50.4,26.3,38.88,0,11,,0,0,10.3,7.2,70,1012,44,10.1,402,1.4,4,10,Partially cloudy,partly-cloudy-day,
denver,2023-04-23T13:00:00,52.7,52.7,26.2,35.57,0,10,,0,0,11.1,7.8,63.3,1011,47.7,15,577.7,2,6,10,Partially cloudy,partly-cloudy-day,
denver,2023-04-23T14:00:00,55,55,26.1,32.56,0,10,,0,0,11.9,8.4,56.7,1010,51.3,15,753.3,2.7,8,10,Partially cloudy,partly-cloudy-day,
denver,2023-04-23T15:00:00,57.3,57.3,26,29.83,0,10,,0,0,12.8,8.9,50,1009,55,15,929,3.3,9,10,Partially cloudy,partly-cloudy-day,
denver,2023-04-23T16:00:00,57.3,57.3,25.7,29.46,0,10,,0,0,13.5,9.2,53.3,1008,57.7,15,862.3,3.1,9,10,Partially cloudy,partly-cloudy-day,
denver,2023-04-23T17:00:00,57.3,57.3,25.4,29.1,0,10,,0,0,14.2,9.5,56.7,1008,60.3,15,795.7,2.8,8,10,Partially cloudy,partly-cloudy-day,
denver,2023-04-23T18:00:00,57.3,57.3,25.1,28.74,0,10,,0,0,15,9.8,60,1008,63,15,729,2.6,7,10,Partially cloudy,partly-cloudy-day,
denver,2023-04-23T19:00:00,54.9,54.9,26.8,33.62,0,15,,0,0,14.2,9.2,70,1008,65.3,15,502.3,1.8,5,10,Partially cloudy,partly-cloudy-day,
denver,2023-04-23T20:00:00,52.6,52.6,28.6,39.33,0,15,,0,0,13.5,8.6,80,1009,67.7,15,275.7,1,0,10,Partially cloudy,partly-cloudy-night,
denver,2023-04-23T21:00:00,50.3,50.3,30.3,46.04,0,15,,0,0,12.8,8.1,90,1010,70,15,49,0.2,0,10,Partially cloudy,partly-cloudy-night,
denver,2023-04-23T22:00:00,48.3,45,30.8,50.54,0,15,,0,0,11.5,7.4,133.3,1010,59.3,15,40.7,0.2,0,10,Partially cloudy,partly-cloudy-night,
denver,2023-04-23T23:00:00,46.3,42.9,31.3,55.51,0,15,,0,0,10.2,6.7,176.7,1009,48.7,15,32.3,0.1,0,10,Partially cloudy,partly-cloudy-night,
denver,2023-04-24T00:00:00,44.3,40.9,31.7,61.02,0,15,,0,0,8.9,6,220,1009,38,15,24,0.1,0,10,Partially cloudy,partly-cloudy-night,
denver,2023-04-24T01:00:00,42.8,39,31.4,63.99,0,8,,0,0,9,6,220,1009,41.7,15,16,0.1,0,10,Partially cloudy,partly-cloudy-night,
denver,2023-04-24T02:00:00,41.2,37.2,31.1,67.13,0,8,,0,0,9.1,6,220,1009,45.3,15,8,0,0,10,Partially cloudy,partly-cloudy-night,
denver,2023-04-24T03:00:00,39.6,35.3,30.8,70.46,0,8,,0,0,9.2,6,220,1009,49,15,0,,0,10,Partially cloudy,partly-cloudy-night,
denver,2023-04-24T04:00:00,38.9,34.4,30.3,71.06,0,8,,0,0,8.8,6,223.3,1008,52.7,15,0,,0,10,Partially cloudy,partly-cloudy-night,
denver,2023-04-24T05:00:00,38.1,33.5,29.8,71.67,0,8,,0,0,8.4,6,226.7,1008,56.3,15,0,,0,10,Partially cloudy,partly-cloudy-night,
denver,2023-04-24T06:00:00,37.3,32.5,29.2,72.29,0,8,,0,0,8.1,6,230,1008,60,15,0,,0,10,Partially cloudy,partly-cloudy-night,
denver,2023-04-24T07:00:00,40.8,36.8,29.7,64.21,0,5,,0,0,8.4,6,243.3,1008,63,15,53.7,0.2,1,10,Partially cloudy,partly-cloudy-day,
denver,2023-04-24T08:00:00,44.4,41.1,30.2,57.15,0,5,,0,0,8.8,5.9,256.7,1008,66,15,107.3,0.4,1,10,Partially cloudy,partly-cloudy-day,
denver,2023-04-24T09:00:00,47.9,45.3,30.6,50.98,0,5,,0,0,9.2,5.8,270,1007,69,15,161,0.6,2,10,Partially cloudy,partly-cloudy-day,
denver,2023-04-24T10:00:00,51.4,51.4,30.4,44.35,0,5,,0,0,10.1,6.5,196.7,1007,68.7,15,234.7,0.9,2,10,Partially cloudy,partly-cloudy-day,
denver,2023-04-24T11:00:00,54.9,54.9,30.2,38.66,0,5,,0,0,11.1,7.2,123.3,1006,68.3,15,308.3,1.1,3,10,Partially cloudy,partly-cloudy-day,
denver,2023-04-24T12:00:00,58.4,58.4,29.9,33.76,0,5,,0,0,12.1,7.8,50,1005,68,15,382,1.4,4,10,Partially cloudy,partly-cloudy-day,
denver,2023-04-24T13:00:00,59.6,59.6,30.2,32.67,0,48,rain,0,0,13,8.4,40,1004,72,15,504.3,1.8,5,10,"Rain, Partially cloudy",rain,
denver,2023-04-24T14:00:00,60.9,60.9,30.5,31.62,0,48,rain,0,0,14,9,30,1003,76,15,626.7,2.3,6,10,"Rain, Partially cloudy",rain,
denver,2023-04-24T15:00:00,62.1,62.1,30.8,30.62,0,48,rain,0,0,15,9.6,20,1002,80,15,749,2.7,7,10,"Rain, Partially cloudy",rain,
denver,2023-04-24T16:00:00,61.6,61.6,31.1,31.65,0,48,rain,0,0,14.5,9.5,40,1002,78.3,15,694,2.5,7,10,"Rain, Partially cloudy",rain,
denver,2023-04-24T17:00:00,60.9,60.9,31.4,32.73,0,48,rain,0,0,14.1,9.3,60,1001,76.7,15,639,2.3,6,10,"Rain, Partially cloudy",rain,
denver,2023-04-24T18:00:00,60.3,60.3,31.7,33.84,0,48,rain,0,0,13.6,9.2,80,1001,75,15,584,2.1,6,10,"Rain, Partially cloudy",rain,
denver,2023-04-24T19:00:00,58,58,33.3,39.26,0,65,rain,0,0,13,8.8,110,1001,72.7,15,413.3,1.5,4,10,"Rain, Partially cloudy",rain,
denver,2023-04-24T20:00:00,55.7,55.7,35,45.57,0,65,rain,0,0,12.5,8.4,140,1002,70.3,15,242.7,0.9,0,10,"Rain, Partially cloudy",rain,
denver,2023-04-24T21:00:00,53.3,53.3,36.6,52.92,0.012,65,rain,0,0,11.9,8.1,170,1003,68,15,72,0.3,0,10,"Rain, Partially cloudy",rain,
denver,2023-04-24T22:00:00,51.4,51.4,36.7,57.06,0,65,rain,0,0,11.1,7.4,193.3,1004,67.7,12.4,60,0.2,0,10,"Rain, Partially cloudy",rain,
denver,2023-04-24T23:00:00,49.5,46.7,36.8,61.56,0,65,rain,0,0,10.4,6.7,216.7,1005,67.3,13.4,48,0.2,0,10,"Rain, Partially cloudy",rain,
